"DESCRIPTION","DURATION IN MS","NAME","PARENT SUITE","START TIME","STATUS","STOP TIME","SUB SUITE","SUITE","TEST CLASS","TEST METHOD"
"","1616","test_send_message","tests","Sun Sep 14 08:36:29 UTC 2025","passed","Sun Sep 14 08:36:30 UTC 2025","ExampleTestCase","test_example","",""
"","20520","test_page_title","tests","Sun Sep 14 08:36:16 UTC 2025","passed","Sun Sep 14 08:36:36 UTC 2025","ExampleTestCase","test_example","",""
"","4435","test_page_title","tests","Sun Sep 14 08:36:22 UTC 2025","passed","Sun Sep 14 08:36:27 UTC 2025","ExampleTestCase","test_example","",""
"","1759","test_send_message","tests","Sun Sep 14 08:36:26 UTC 2025","passed","Sun Sep 14 08:36:28 UTC 2025","ExampleTestCase","test_example","",""
"","3006","test_send_message","tests","Sun Sep 14 08:36:29 UTC 2025","passed","Sun Sep 14 08:36:32 UTC 2025","ExampleTestCase","test_example","",""
"","3501","test_page_title","tests","Sun Sep 14 08:36:19 UTC 2025","passed","Sun Sep 14 08:36:22 UTC 2025","ExampleTestCase","test_example","",""
"","9314","test_page_title","tests","Sun Sep 14 08:36:17 UTC 2025","passed","Sun Sep 14 08:36:26 UTC 2025","ExampleTestCase","test_example","",""
"","3833","test_page_title","tests","Sun Sep 14 08:36:25 UTC 2025","passed","Sun Sep 14 08:36:29 UTC 2025","ExampleTestCase","test_example","",""
"","3487","test_send_message","tests","Sun Sep 14 08:36:22 UTC 2025","passed","Sun Sep 14 08:36:26 UTC 2025","ExampleTestCase","test_example","",""
"","3413","test_send_message","tests","Sun Sep 14 08:36:27 UTC 2025","passed","Sun Sep 14 08:36:30 UTC 2025","ExampleTestCase","test_example","",""
"","7929","test_page_title","tests","Sun Sep 14 08:36:21 UTC 2025","passed","Sun Sep 14 08:36:29 UTC 2025","ExampleTestCase","test_example","",""
"","1952","test_send_message","tests","Sun Sep 14 08:36:36 UTC 2025","passed","Sun Sep 14 08:36:38 UTC 2025","ExampleTestCase","test_example","",""
